Date,Cases,Deaths,Recovered,Travel_history,Province,City
2020-02-26,1,0,0,China,Islamabad Capital Territory,Islamabad
2020-02-26,2,0,0,Iran/Taftan,Sindh,Karachi
2020-02-29,1,0,0,China,Islamabad Capital Territory,Islamabad
2020-02-29,1,0,0,Iran/Taftan,Sindh,Karachi
2020-03-02,1,0,0,Iran/Taftan,Gilgit-Baltistan,Gilgit
2020-03-06,0,0,1,Unknown,Sindh,Karachi
2020-03-07,1,0,0,Iran/Taftan,Sindh,Karachi
2020-03-09,6,0,0,Syria,Sindh,Karachi
2020-03-09,3,0,0,UK,Sindh,Karachi
2020-03-10,1,0,0,Iran/Taftan,Sindh,Karachi
2020-03-10,1,0,0,Syria,Sindh,Hyderabad
2020-03-10,1,0,0,Iran/Taftan,Baluchistan,Quetta
2020-03-11,1,0,0,Iran/Taftan,Gilgit-Baltistan,Skardu
2020-03-11,0,0,1,Iran/Taftan,Sindh,Karachi
2020-03-12,1,0,0,Local - Social Contact,Gilgit-Baltistan,Gilgit
2020-03-13,1,0,0,USA,Islamabad Capital Territory,Islamabad
2020-03-13,1,0,1,Local - Social Contact,Sindh,Karachi
2020-03-13,7,0,0,Iran/Taftan,Baluchistan,Taftan
2020-03-15,13,0,0,Iran/Taftan,Sindh,Sukkur
2020-03-15,4,0,0,Iran/Taftan,Sindh,Karachi
2020-03-15,1,0,0,UK,Punjab,Lahore
2020-03-15,15,0,0,Iran/Taftan,Khyber Pakhtunkhwa,Dera Ismail Khan
2020-03-15,1,1,0,Unknown,Khyber Pakhtunkhwa,Mardan
2020-03-16,119,0,0,Iran/Taftan,Sindh,Sukkur
2020-03-16,26,0,0,Iran/Taftan,Sindh,Karachi
2020-03-16,2,0,0,Iran/Taftan,Sindh,Hyderabad
2020-03-16,1,0,0,Unknown,Punjab,Lahore
2020-03-16,1,0,1,Unknown,Islamabad Capital Territory,Islamabad
2020-03-16,1,0,0,Unknown,khyber Pakhtunkhwa,Mansehra
2020-03-16,1,0,0,Unknown,Khyber Pakhtunkhwa,Mardan
2020-03-17,15,0,0,Iran/Taftan,Punjab,Dera Ghazi Khan
2020-03-17,24,0,0,Iran/Taftan,Sindh,Sukkur
2020-03-17,5,0,0,KSA,Sindh,Karachi
2020-03-17,3,0,0,Unknown,Punjab,Lahore
2020-03-17,1,0,0,Unknown,khyber Pakhtunkhwa,Peshawar
2020-03-17,1,0,0,UK,Khyber Pakhtunkhwa,Charsadda
2020-03-17,2,0,0,Iran/Taftan,Baluchistan,Quetta
2020-03-17,1,0,0,Unknown,Islamabad Capital Territory,Islamabad
2020-03-18,2,0,0,Unknown,Islamabad Capital Territory,Islamabad
2020-03-18,5,0,0,Iran/Taftan,Punjab,Dera Ghazi Khan
2020-03-18,31,0,0,Iran/Taftan,Sindh,Sukkur
2020-03-18,5,0,0,Local - Social Contact,Sindh,Karachi
2020-03-18,10,0,0,Unknown,Gilgit-Baltistan,Gilgit
2020-03-18,1,0,0,Local - Social Contact,Khyber Pakhtunkhwa,Buner
2020-03-18,1,1,0,KSA,Khyber Pakhtunkhwa,Mardan 
2020-03-18,1,1,0,Unknown,Khyber Pakhtunkhwa,Hangu 
2020-03-18,1,0,0,Iran/Taftan,Azad Jummu Kashmir,Mirpur
2020-03-19,1,0,0,Local - Social Contact,Punjab,Multan
2020-03-19,8,0,0,Unknown,Punjab,Lahore
2020-03-19,44,0,0,Iran/Taftan,Punjab,Dera Ghazi Khan
2020-03-19,37,0,1,Local - Social Contact,Sindh,Karachi
2020-03-19,53,0,0,Iran/Taftan,Baluchistan,Quetta
2020-03-19,2,0,0,Local - Social Contact,Khyber Pakhtunkhwa,Mardan
2020-03-19,1,0,0,Local - Covid Relative,Khyber Pakhtunkhwa,Dera Ismail Khan
2020-03-19,4,0,0,Unknown,Gilgit-Baltistan,Gilgit
2020-03-19,4,0,0,Unknown,Gilgit-Baltistan,Nagar
2020-03-20,5,0,0,Unknown,Baluchistan,Quetta
2020-03-20,4,1,0,Local - Social Contact,Sindh,Karachi
2020-03-20,1,0,0,Unknown,Khyber Pakhtunkhwa,Mansehra
2020-03-20,1,0,0,Unknown,Federal Administration Tribal Area,Khyber
2020-03-20,1,0,0,Local - Social Contact,Punjab,Rawalpindi
2020-03-20,1,0,0,Local - Social Contact,Punjab,Jehlum
2020-03-20,3,0,0,Local - Social Contact,Punjab,Gujrat 
2020-03-20,2,0,0,Unknown,Punjab,Lahore
2020-03-20,7,0,0,Iran/Taftan,Punjab,Dera Ghazi Khan
2020-03-20,1,0,0,Local - Social Contact,Gilgit-Baltistan,Nagar
2020-03-20,8,0,0,Iran/Taftan,Gilgit-Baltistan,Gilgit
2020-03-20,16,0,0,Local - Social Contact,Sindh,Karachi
2020-03-21,3,0,0,Unknown,Islamabad Capital Territory,Islamabad
2020-03-21,12,0,0,Iran/Taftan,Baluchistan,Quetta
2020-03-21,39,0,0,Iran/Taftan,Sindh,Sukkur
2020-03-21,0,0,3,Local - Social Contact,Sindh,Karachi
2020-03-21,25,0,0,Iran/Taftan,Gilgit-Baltistan,Skardu
2020-03-21,6,0,0,Unknown,Punjab,Lahore
2020-03-21,38,0,0,Iran/Taftan,Punjab,Dera Ghazi Khan
2020-03-21,1,0,0,Local - Social Contact,Punjab,Jehlum
2020-03-21,4,0,0,Local - Social Contact,Punjab,Gujranwala
2020-03-21,1,0,0,Iran/Taftan,Khyber Pakhtunkhwa,Peshawar
2020-03-21,1,0,0,Local - Social Contact,Khyber Pakhtunkhwa,Peshawar
2020-03-21,2,0,0,Iran/Taftan,Khyber Pakhtunkhwa,Dera Ismail Khan
2020-03-21,1,0,0,Iran/Taftan,Khyber Pakhtunkhwa,Mardan
2020-03-21,1,0,0,Iran/Taftan,Khyber Pakhtunkhwa,Karak
2020-03-22,4,0,0,Local - Social Contact,Gilgit-Baltistan,Nagar
2020-03-22,18,0,0,Local - Social Contact,Sindh,Karachi
2020-03-22,23,0,0,Iran/Taftan,Sindh,Sukkur
2020-03-22,1,0,0,Unknown,Islamabad Capital Territory,Islamabad
2020-03-22,15,0,0,Unknown,Punjab,Lahore
2020-03-22,1,0,0,Local - Social Contact,Punjab,Jehlum
2020-03-22,1,0,0,Local - Social Contact,Punjab,Rawalpindi
2020-03-22,43,0,0,Iran/Taftan,Punjab,Dera Ghazi Khan
2020-03-22,4,1,0,Unknown,Baluchistan,Quetta
2020-03-23,7,0,0,Local - Social Contact,Sindh,Karachi
2020-03-23,11,0,0,Iran/Taftan,Sindh,Sukkur
2020-03-23,1,0,0,Iran/Taftan,Sindh,Dadu
2020-03-23,5,0,0,Iran/Taftan,Baluchistan,Taftan
2020-03-23,16,1,0,Iran/Taftan,Gilgit-Baltistan,Skardu
2020-03-23,25,0,0,Iran/Taftan,Punjab,Dera Ghazi Khan
2020-03-23,16,0,0,Local - Social Contact,Punjab,Lahore
2020-03-23,1,0,0,Unknown,Khyber Pakhtunkhwa,Mansehra
2020-03-24,8,0,6,Local - Social Contact,Sindh,Karachi
2020-03-24,8,0,0,Iran/Taftan,Sindh,Sukkur
2020-03-24,3,0,10,Local - Social Contact,Sindh,Karachi
2020-03-24,5,0,0,Local - Social Contact,Gilgit-Baltistan,Gilgit
2020-03-24,37,0,0,Iran/Taftan,Khyber Pakhtunkhwa,Dera Ismail Khan
2020-03-24,1,0,0,Iran/Taftan,Federal Administration Tribal Area,South Waziristan
2020-03-24,2,0,0,Unknown,Khyber Pakhtunkhwa,Peshawar
2020-03-24,2,0,0,Unknown,Baluchistan,Quetta
2020-03-24,7,0,0,Local - Social Contact,Punjab,Lahore
2020-03-24,1,0,0,Local - Social Contact,Punjab,Multan
2020-03-24,9,0,0,Local - Social Contact,Punjab,Gujrat 
2020-03-24,3,0,0,Local - Social Contact,Punjab,Gujranwala
2020-03-24,1,0,0,Local - Social Contact,Punjab,Sargodha
2020-03-24,1,0,0,Local - Social Contact,Punjab,Faisalabad
2020-03-24,1,0,0,Local - Social Contact,Punjab,Mandi Bahauddin
2020-03-24,1,0,0,Local - Social Contact,Punjab,Rahim yar khan
2020-03-24,3,0,0,Local - Social Contact,Sindh,Karachi
2020-03-24,21,1,2,Iran/Taftan,Punjab,Dera Ghazi Khan
2020-03-25,5,0,0,International Passenger,Islamabad Capital Territory,Islamabad
2020-03-25,3,0,0,Local - Social Contact,Sindh,Karachi
2020-03-25,0,0,1,Local - Social Contact,Sindh,Hyderabad
2020-03-25,9,0,0,Local - Social Contact,Baluchistan,Quetta
2020-03-25,1,0,0,Unknown,Gilgit-Baltistan,Astore
2020-03-25,39,0,2,Unknown,Khyber Pakhtunkhwa,Mardan
2020-03-25,1,0,0,Iran/Taftan,Khyber Pakhtunkhwa,Dera Ismail Khan
2020-03-25,1,0,0,Unknown,Khyber Pakhtunkhwa,Swabi
2020-03-25,9,0,0,Local - Social Contact,Punjab,Gujrat
2020-03-25,1,0,0,Local - Social Contact,Punjab,Gujranwala
2020-03-25,2,1,0,Iran/Taftan,Punjab,Dera Ghazi Khan
2020-03-25,18,0,1,Unknown,Punjab,Lahore
2020-03-25,1,0,0,Local - Social Contact,Punjab,Multan
2020-03-25,12,0,0,Iran/Taftan,Baluchistan,Quetta
2020-03-25,7,0,0,Unknown,Gilgit-Baltistan,Kharmang
2020-03-25,1,0,0,Dubai,Gilgit-Baltistan,Kharmang
2020-03-26,2,0,0,Unknown,Khyber Pakhtunkhwa,Dir Upper
2020-03-26,1,0,0,Unknown,Khyber Pakhtunkhwa,Swat
2020-03-26,1,0,0,Unknown,Azad Jummu Kashmir,Mirpur
2020-03-26,5,0,0,Unknown,Islamabad Capital Territory,Islamabad
2020-03-26,9,0,0,Local - Social Contact,Sindh,Karachi
2020-03-26,6,0,2,Local - Social Contact,Khyber Pakhtunkhwa,Mardan
2020-03-26,12,0,0,Iran/Taftan,Baluchistan,Quetta
2020-03-26,7,0,2,Unknown,Gilgit-Baltistan,Skardu
2020-03-26,26,0,1,Unknown,Punjab,Lahore
2020-03-26,16,0,0,Iran/Taftan,Punjab,Multan
2020-03-26,1,0,0,Local - Social Contact,Punjab,Gujrat
2020-03-26,16,0,0,Local - Social Contact,Punjab,Jehlum
2020-03-26,12,0,0,Local - Social Contact,Punjab,Rawalpindi
2020-03-26,2,0,0,Local - Social Contact,Punjab,Faisalabad
2020-03-26,2,0,0,Local - Social Contact,Punjab,Mandi Bahauddin
2020-03-26,2,0,0,Local - Social Contact,Punjab,Mianwali
2020-03-26,1,0,0,Local - Social Contact,Punjab,Narowal
2020-03-26,1,0,0,Local - Social Contact,Punjab,Nankana
2020-03-26,1,0,0,Local - Social Contact,Punjab,Attock
2020-03-26,1,0,0,Local - Social Contact,Punjab,Bahawal Nagar
2020-03-26,7,1,0,Iran/Taftan,Punjab,Dera Ghazi Khan
2020-03-27,2,0,0,Local - Social Contact,Islamabad Capital Territory,Islamabad
2020-03-27,11,0,1,Unknown,Gilgit-Baltistan,Shigar
2020-03-27,5,0,0,Unknown,Gilgit-Baltistan,Gilgit
2020-03-27,7,0,0,Iran/Taftan,Sindh,Larkana
2020-03-27,4,0,1,Local - Social Contact,Sindh,Karachi
2020-03-27,7,0,0,Unknown,Khyber Pakhtunkhwa,Peshawar
2020-03-27,2,0,0,Unknown,Khyber Pakhtunkhwa,Swat
2020-03-27,3,0,0,Unknown,Khyber Pakhtunkhwa,Swabi
2020-03-27,1,0,0,Unknown,Khyber Pakhtunkhwa,Shangla
2020-03-27,3,0,0,Unknown,Khyber Pakhtunkhwa,Nowshera
2020-03-27,1,0,0,Iran/Taftan,Khyber Pakhtunkhwa,Orakzai
2020-03-27,34,0,0,Unknown,Khyber Pakhtunkhwa,Mardan
2020-03-27,3,0,0,Unknown,Khyber Pakhtunkhwa,Malakand
2020-03-27,2,0,0,Unknown,Khyber Pakhtunkhwa,Mansehra
2020-03-27,3,0,0,Unknown,Khyber Pakhtunkhwa,Kohat
2020-03-27,2,0,0,Local - Social Contact,Punjab,Lahore
2020-03-27,2,0,0,Local - Social Contact,Punjab,Faisalabad
2020-03-27,30,2,1,Iran/Taftan,Punjab,Multan
2020-03-27,0,0,2,Unknown,Baluchistan,Quetta
2020-03-28,1,0,0,Local - Social Contact,Punjab,Khushab
2020-03-28,1,1,0,Unknown,Khyber Pakhtunkhwa,Dera Ismail Khan
2020-03-28,1,0,0,Unknown,Khyber Pakhtunkhwa,Charsadda
2020-03-28,4,0,0,Unknown,Khyber Pakhtunkhwa,Buner
2020-03-28,1,0,0,Local - Social Contact,Punjab,Nankana
2020-03-28,1,0,0,Local - Social Contact,Punjab,Mandi Bahauddin
2020-03-28,2,0,0,Local - Social Contact,Punjab,Sargodha
2020-03-28,1,0,0,Local - Social Contact,Punjab,Vehari
2020-03-28,26,0,0,Iran/Taftan,Punjab,Multan
2020-03-28,14,0,0,Local - Social Contact,Punjab,Lahore
2020-03-28,4,0,0,Local - Social Contact,Punjab,Faisalabad
2020-03-28,10,0,0,Local - Social Contact,Punjab,Gujranwala
2020-03-28,5,0,0,Local - Social Contact,Punjab,Rawalpindi
2020-03-28,2,0,0,Local - Social Contact,Punjab,Jehlum
2020-03-28,29,0,0,Local - Social Contact,Punjab,Gujrat
2020-03-28,5,0,0,Local - Social Contact,Punjab,Dera Ghazi Khan
2020-03-28,21,0,0,Iran/Taftan,Punjab,Raiwind
2020-03-28,12,0,0,International Passenger,Islamabad Capital Territory,Islamabad
2020-03-28,25,1,0,Local - Social Contact,Sindh,Karachi
2020-03-28,4,0,0,Local - Social Contact,Sindh,Hyderabad
2020-03-28,5,0,0,Local - Social Contact,Baluchistan,Quetta
2020-03-28,8,0,1,Local - Social Contact,Gilgit-Baltistan,Nagar
2020-03-28,1,0,0,Unknown,Khyber Pakhtunkhwa,Dir Lower
2020-03-28,1,0,0,Unknown,Khyber Pakhtunkhwa,Abbottabad
2020-03-29,4,0,1,Local - Social Contact,Islamabad Capital Territory,Islamabad
2020-03-29,0,0,3,Local - Social Contact,Punjab,Lahore
2020-03-29,1,0,0,Local - Social Contact,Punjab,Vehari
2020-03-29,1,0,0,Local - Social Contact,Punjab,Bahawalpur
2020-03-29,3,0,0,Local - Social Contact,Punjab,Gujrat
2020-03-29,7,0,0,Local - Social Contact,Punjab,Jehlum
2020-03-29,1,0,0,Local - Social Contact,Punjab,Gujranwala
2020-03-29,11,0,0,Local - Social Contact,Punjab,Rawalpindi
2020-03-29,5,0,0,Iran/Taftan,Punjab,Raiwind
2020-03-29,1,1,0,Local - Social Contact,Punjab,Rahim Yar Khan
2020-03-29,4,0,0,Unknown,Azad Jummu Kashmir,Muzaffarabad
2020-03-29,33,2,3,Local - Social Contact,Sindh,Karachi
2020-03-29,0,1,0,Local - Social Contact,Gilgit-Baltistan,Nagar
2020-03-29,5,0,0,Unknown,Gilgit-Baltistan,Shigar
2020-03-29,2,0,0,Iran/Taftan,Gilgit-Baltistan,Kharmang
2020-03-29,3,0,0,Local - Social Contact,Gilgit-Baltistan,Astore
2020-03-29,2,0,0,Unknown,Gilgit-Baltistan,Ghanche
2020-03-29,1,1,0,Unknown,Khyber Pakhtunkhwa,Abbottabad
2020-03-29,2,0,0,Local - Social Contact,Khyber Pakhtunkhwa,Peshawar
2020-03-29,1,1,0,Unknown,Khyber Pakhtunkhwa,Dir Lower
2020-03-30,8,0,1,Local - Social Contact,Islamabad Capital Territory,Islamabad
2020-03-30,11,0,1,Local - Social Contact,Punjab,Nankana
2020-03-30,14,0,0,Unknown,Punjab,Lahore
2020-03-30,8,0,0,Local - Social Contact,Punjab,Gujrat
2020-03-30,26,0,1,Iran/Taftan,Punjab,Raiwind
2020-03-30,21,4,2,Local - Social Contact,Sindh,Karachi
2020-03-30,6,0,23,Local - Social Contact,Sindh,Sukkur
2020-03-30,6,0,0,Local - Social Contact,Baluchistan,Quetta
2020-03-30,18,0,4,Unknown,Gilgit-Baltistan,Nagar
2020-03-30,1,0,0,Local - Social Contact,Federal Administration Tribal Area,Bajaur
2020-03-30,3,0,0,Iran/Taftan,Khyber Pakhtunkhwa,Peshawar
2020-03-30,1,0,0,Unknown,Khyber Pakhtunkhwa,Bannu
2020-03-30,1,0,0,Local - Social Contact,Khyber Pakhtunkhwa,Dera Ismail Khan
2020-03-30,3,0,0,Local - Social Contact,Khyber Pakhtunkhwa,Dir Lower
2020-03-30,1,0,0,Local - Social Contact,Khyber Pakhtunkhwa,Mansehra
2020-03-30,1,0,0,Local - Social Contact,Khyber Pakhtunkhwa,Mardan
2020-03-30,16,0,0,Local - Social Contact,Khyber Pakhtunkhwa,Peshawar
2020-03-31,7,0,0,Unknown,Islamabad Capital Territory,Islamabad
2020-03-31,0,3,0,Iran/Taftan,Punjab,Dera Ghazi Khan
2020-03-31,14,0,0,Local - Social Contact,Punjab,Rawalpindi
2020-03-31,1,0,0,Local - Social Contact,Punjab,Mianwali
2020-03-31,1,0,0,Local - Social Contact,Punjab,Rahim Yar Khan
2020-03-31,5,0,0,Local - Social Contact,Punjab,Hafizabad
2020-03-31,1,0,0,Local - Social Contact,Punjab,Kasur
2020-03-31,1,0,0,Local - Social Contact,Punjab,Laiya
2020-03-31,16,0,0,Local - Social Contact,Sindh,Hyderabad
2020-03-31,0,0,10,Iran/Taftan,Sindh,Sukkur
2020-03-31,94,0,0,Tableeghi Jamaat,Sindh,Hyderabad
2020-03-31,1,0,0,Local - Social Contact,Sindh,Jacobabad
2020-03-31,14,0,17,Iran/Taftan,Baluchistan,Quetta
2020-03-31,37,0,0,Unknown,Gilgit-Baltistan,Nagar
2020-03-31,0,0,0,Unknown,Khyber Pakhtunkhwa,Peshawar
2020-03-31,1,0,0,Local - Social Contact,Federal Administration Tribal Area,Bajaur
2020-03-31,3,0,0,Unknown,Khyber Pakhtunkhwa,Dera Ismail Khan
2020-03-31,1,0,0,Local - Social Contact,Khyber Pakhtunkhwa,Haripur
2020-03-31,10,0,0,Local - Social Contact,Khyber Pakhtunkhwa,Kohat
2020-03-31,1,0,5,Local - Social Contact,Khyber Pakhtunkhwa,Mardan
2020-03-31,1,0,0,Iran/Taftan,Federal Administration Tribal Area,Kurrum
2020-03-31,4,1,10,Iran/Taftan,Khyber Pakhtunkhwa,Dera Ismail Khan
2020-03-31,10,0,0,Unknown,Khyber Pakhtunkhwa,Peshawar
2020-04-01,13,0,0,International Passenger,Islamabad Capital Territory,Islamabad
2020-04-01,2,0,0,Unknown,Azad Jummu Kashmir,Bhambore 
2020-04-01,1,0,0,Unknown,Azad Jummu Kashmir,Trarkhel
2020-04-01,1,1,0,Local - Social Contact,Khyber Pakhtunkhwa,Bannu
2020-04-01,1,1,0,Local - Social Contact,Khyber Pakhtunkhwa,Peshawar
2020-04-01,0,0,2,Local - Social Contact,Khyber Pakhtunkhwa,Nowshera
2020-04-01,3,0,0,Local - Social Contact,Khyber Pakhtunkhwa,Abbottabad
2020-04-01,1,0,0,Local - Social Contact,Khyber Pakhtunkhwa,Dir Upper
2020-04-01,2,0,0,Local - Social Contact,Khyber Pakhtunkhwa,Haripur
2020-04-01,1,0,0,Local - Social Contact,Federal Administration Tribal Area,Khyber
2020-04-01,1,0,0,Local - Social Contact,Khyber Pakhtunkhwa,Kohat
2020-04-01,2,0,0,Local - Social Contact,Federal Administration Tribal Area,Kurrum
2020-04-01,2,0,0,Local - Social Contact,Khyber Pakhtunkhwa,Mansehra
2020-04-01,7,0,10,Local - Social Contact,Khyber Pakhtunkhwa,Mardan
2020-04-01,1,0,0,Local - Social Contact,Khyber Pakhtunkhwa,Orakzai
2020-04-01,1,0,0,Local - Social Contact,Khyber Pakhtunkhwa,Tank
2020-04-01,1,0,0,Local - Social Contact,Federal Administration Tribal Area,South Waziristan
2020-04-01,33,1,3,Local - Social Contact,Sindh,Karachi
2020-04-01,2,0,0,Local - Social Contact,Punjab,Lodhran
2020-04-01,48,0,0,Local - Social Contact,Punjab,Lahore
2020-04-01,7,1,0,Local - Social Contact,Punjab,Rawalpindi
2020-04-01,6,0,0,Local - Social Contact,Baluchistan,Quetta
2020-04-01,28,0,0,Local - Social Contact,Punjab,Gujrat
2020-04-01,2,0,0,Local - Social Contact,Punjab,Gujranwala
2020-04-01,1,0,0,Local - Social Contact,Punjab,Narowal
2020-04-01,8,0,0,Local - Social Contact,Punjab,Sargodha
2020-04-01,1,0,0,Local - Social Contact,Punjab,Sialkot
2020-04-01,2,0,0,Local - Social Contact,Punjab,Bahawal Nagar
2020-04-01,16,0,0,Iran/Taftan,Punjab,Multan
2020-04-01,63,0,0,Iran/Taftan,Punjab,Raiwind
2020-04-02,27,0,0,Tableeghi Jamaat,Punjab,Raiwind
2020-04-01,3,0,0,Iran/Taftan,Punjab,Faisalabad
2020-04-02,3,1,0,Unknown,Gilgit-Baltistan,Astore
2020-04-02,32,1,9,Local - Social Contact,Sindh,Karachi
2020-04-02,0,1,0,Tableeghi Jamaat,Sindh,Hyderabad
2020-04-02,0,0,2,Iran/Taftan,Sindh,Sukkur
2020-04-02,21,1,0,Unknown,Punjab,Lahore
2020-04-02,4,0,0,Unknown,Islamabad Capital Territory,Islamabad
2020-04-02,5,0,0,Local - Social Contact,Baluchistan,Quetta
2020-04-02,1,1,0,Local - Social Contact,Khyber Pakhtunkhwa,Buner
2020-04-02,1,0,0,Local - Social Contact,Khyber Pakhtunkhwa,Abbottabad
2020-04-02,5,0,0,Local - Social Contact,Khyber Pakhtunkhwa,Dir Lower
2020-04-02,2,0,0,Local - Social Contact,Khyber Pakhtunkhwa,Dir Upper
2020-04-02,1,0,0,Local - Social Contact,Khyber Pakhtunkhwa,Hangu
2020-04-02,1,0,0,Local - Social Contact,Khyber Pakhtunkhwa,Karak
2020-04-02,6,0,0,Local - Social Contact,Khyber Pakhtunkhwa,Kohat
2020-04-02,1,0,0,Local - Social Contact,Khyber Pakhtunkhwa,Mansehra
2020-04-02,1,0,0,Local - Social Contact,Khyber Pakhtunkhwa,Nowshera
2020-04-02,17,0,0,Local - Social Contact,Khyber Pakhtunkhwa,Peshawar
2020-04-02,1,0,3,Local - Social Contact,Khyber Pakhtunkhwa,Swabi
2020-04-02,1,0,0,Local - Social Contact,Punjab,Gujranwala
2020-04-02,2,0,0,Local - Social Contact,Punjab,Rawalpindi
2020-04-02,10,0,0,Local - Social Contact,Punjab,Mandi Bahauddin
2020-04-02,6,0,0,Local - Social Contact,Punjab,Vehari
2020-04-02,6,0,0,Iran/Taftan,Punjab,Dera Ghazi Khan
2020-04-02,27,0,0,Iran/Taftan,Punjab,Raiwind
2020-04-02,2,0,0,Iran/Taftan,Punjab,Faisalabad
2020-04-03,1,0,1,Unknown,Gilgit-Baltistan,Shigar
2020-04-03,1,0,0,Unknown,Gilgit-Baltistan,Nagar
2020-04-03,1,0,0,Unknown,Gilgit-Baltistan,Astore
2020-04-03,6,0,0,Unknown,Islamabad Capital Territory,Islamabad
2020-04-03,40,3,0,Local - Social Contact,Sindh,Karachi
2020-04-03,4,0,0,Local - Social Contact,Khyber Pakhtunkhwa,Peshawar
2020-04-03,6,0,0,Unknown,Baluchistan,Quetta
2020-04-03,6,0,0,Local - Social Contact,Khyber Pakhtunkhwa,Abbottabad
2020-04-03,1,0,0,Local - Social Contact,Khyber Pakhtunkhwa,Buner
2020-04-03,1,0,0,Local - Social Contact,Khyber Pakhtunkhwa,Dir Upper
2020-04-03,8,0,0,Local - Social Contact,Khyber Pakhtunkhwa,Hangu
2020-04-03,2,1,0,Local - Social Contact,Khyber Pakhtunkhwa,Mansehra
2020-04-03,10,1,0,Local - Social Contact,Khyber Pakhtunkhwa,Swat
2020-04-03,11,0,0,Local - Social Contact,Punjab,Lahore
2020-04-03,5,0,0,Local - Social Contact,Punjab,Gujrat
2020-04-03,1,0,0,Local - Social Contact,Punjab,Jehlum
2020-04-03,1,0,0,Local - Social Contact,Punjab,Gujranwala
2020-04-03,2,0,0,Local - Social Contact,Punjab,Rawalpindi
2020-04-03,1,0,0,Local - Social Contact,Punjab,Chiniot
2020-04-03,2,0,0,Local - Social Contact,Punjab,Rahim Yar Khan
2020-04-03,1,0,0,Local - Social Contact,Punjab,Sialkot
2020-04-03,11,0,0,Local - Social Contact,Punjab,Vehari
2020-04-03,1,0,0,Local - Social Contact,Punjab,Bahawalpur
2020-04-03,1,0,0,Local - Social Contact,Punjab,Sheikhupura
2020-04-03,12,0,0,Tableeghi Jamaat,Punjab,Dera Ghazi Khan
2020-04-03,3,0,0,Tableeghi Jamaat,Punjab,Multan
2020-04-03,100,0,0,Tableeghi Jamaat,Punjab,Raiwind
2020-04-04,7,0,0,Local - Social Contact,Islamabad Capital Territory,Islamabad
2020-04-04,6,3,0,Local - Social Contact,Khyber Pakhtunkhwa,Peshawar
2020-04-04,30,1,0,Local - Social Contact,Punjab,Lahore
2020-04-04,4,0,0,Local - Social Contact,Khyber Pakhtunkhwa,Bannu
2020-04-04,4,0,0,Local - Social Contact,Khyber Pakhtunkhwa,Buner
2020-04-04,1,0,0,Local - Social Contact,Khyber Pakhtunkhwa,Dera Ismail Khan
2020-04-04,2,0,0,Local - Social Contact,Khyber Pakhtunkhwa,Dir Upper
2020-04-04,3,0,0,Local - Social Contact,Federal Administration Tribal Area,Khyber
2020-04-04,4,0,0,Local - Social Contact,Khyber Pakhtunkhwa,Lakki Marwat
2020-04-04,2,0,0,Local - Social Contact,Khyber Pakhtunkhwa,Nowshera
2020-04-04,2,0,1,Local - Social Contact,Khyber Pakhtunkhwa,Shangla
2020-04-04,1,0,0,Local - Social Contact,Khyber Pakhtunkhwa,Torghar
2020-04-04,0,0,12,Local - Social Contact,Sindh,Karachi
2020-04-04,10,0,0,Unknown,Baluchistan,Quetta
2020-04-04,0,0,3,Iran/Taftan,Khyber Pakhtunkhwa,Dera Ismail Khan
2020-04-04,3,0,0,Unknown,Azad Jummu Kashmir,Muzaffarabad
2020-04-04,0,0,5,Unknown,Gilgit-Baltistan,Skardu
2020-04-04,0,0,9,Unknown,Gilgit-Baltistan,Nagar
2020-04-04,0,0,3,Unknown,Gilgit-Baltistan,Ghanche
2020-04-05,3,0,0,Local - Social Contact,Islamabad Capital Territory,Islamabad
2020-04-05,4,2,0,Local - Social Contact,Khyber Pakhtunkhwa,Swat
2020-04-05,7,0,0,Local - Social Contact,Khyber Pakhtunkhwa,Peshawar
2020-04-05,6,0,0,Local - Social Contact,Khyber Pakhtunkhwa,Nowshera
2020-04-05,0,0,1,Local - Social Contact,Khyber Pakhtunkhwa,Orakzai
2020-04-05,5,0,0,Local - Social Contact,Khyber Pakhtunkhwa,Abbottabad
2020-04-05,0,0,1,Local - Social Contact,Khyber Pakhtunkhwa,Charsadda
2020-04-05,0,0,1,Local - Social Contact,Khyber Pakhtunkhwa,Dir Lower
2020-04-05,0,0,2,Local - Social Contact,Khyber Pakhtunkhwa,Dir Upper
2020-04-05,4,0,4,Local - Social Contact,Khyber Pakhtunkhwa,Buner
2020-04-05,3,0,9,Local - Social Contact,Khyber Pakhtunkhwa,Mardan
2020-04-05,0,0,1,Local - Social Contact,Khyber Pakhtunkhwa,Malakand
2020-04-05,0,0,1,Local - Social Contact,Khyber Pakhtunkhwa,Mansehra
2020-04-05,1,0,0,Local - Social Contact,Federal Administration Tribal Area,Bajaur
2020-04-05,1,0,0,Local - Social Contact,Khyber Pakhtunkhwa,Bannu
2020-04-05,1,0,0,Local - Social Contact,Khyber Pakhtunkhwa,Haripur
2020-04-05,1,0,0,Local - Social Contact,Khyber Pakhtunkhwa,Karak
2020-04-05,0,0,1,Local - Social Contact,Federal Administration Tribal Area,Kurrum
2020-04-05,0,0,1,Local - Social Contact,Federal Administration Tribal Area,South Waziristan
2020-04-05,41,1,0,Local - Social Contact,Sindh,Karachi
2020-04-05,2,0,0,Local - Social Contact,Azad Jummu Kashmir,Mirpur
2020-04-05,6,0,13,Unknown,Baluchistan,Quetta
2020-04-05,17,0,7,Tableegi Jamaat,Gilgit-Baltistan,Gilgit
2020-04-05,31,0,0,Local - Social Contact,Punjab,Lahore
2020-04-05,0,0,0,Local - Social Contact,Punjab,Faisalabad
2020-04-05,47,0,0,Iran/Taftan,Punjab,Raiwind
2020-04-05,0,0,2,Iran/Taftan,Gilgit-Baltistan,Kharmang
2020-04-05,0,0,1,Dubai,Gilgit-Baltistan,Kharmang
2020-04-06,51,2,0,Local - Social Contact,Sindh,Karachi
2020-04-06,0,0,130,Iran/Taftan,Sindh,Sukkur
2020-04-06,3,0,31,Local - Social Contact,Baluchistan,Quetta
2020-04-06,20,3,0,Local - Social Contact,Punjab,Lahore
2020-04-06,77,0,0,Jail,Punjab,Lahore
2020-04-06,1,0,0,Local - Social Contact,Gilgit-Baltistan,Gilgit
2020-04-06,0,0,11,Local - Social Contact,Gilgit-Baltistan,Shigar
2020-04-06,1,0,0,Local - Social Contact,Azad Jummu Kashmir,Muzaffarabad
2020-04-06,1,0,0,Local - Social Contact,Khyber Pakhtunkhwa,Abbottabad
2020-04-06,2,0,0,Local - Social Contact,Khyber Pakhtunkhwa,Bannu
2020-04-06,1,0,0,Local - Social Contact,Khyber Pakhtunkhwa,Buner
2020-04-06,4,0,0,Local - Social Contact,Khyber Pakhtunkhwa,Charsadda
2020-04-06,3,0,0,Iran/Taftan,Khyber Pakhtunkhwa,Dera Ismail Khan
2020-04-06,1,0,0,Local - Social Contact,Khyber Pakhtunkhwa,Dera Ismail Khan
2020-04-06,6,0,1,Local - Social Contact,Khyber Pakhtunkhwa,Dir Lower
2020-04-06,14,0,0,Local - Social Contact,Khyber Pakhtunkhwa,Dir Upper
2020-04-06,1,0,0,Local - Social Contact,Khyber Pakhtunkhwa,Karak
2020-04-06,1,0,0,Local - Social Contact,Federal Administration Tribal Area,Khyber
2020-04-06,15,0,1,Local - Social Contact,Khyber Pakhtunkhwa,Kohat
2020-04-06,1,0,0,Local - Social Contact,Khyber Pakhtunkhwa,Mansehra
2020-04-06,9,0,0,Local - Social Contact,Khyber Pakhtunkhwa,Mardan
2020-04-06,1,0,0,Local - Social Contact,Khyber Pakhtunkhwa,Mohmand
2020-04-06,24,0,0,Local - Social Contact,Khyber Pakhtunkhwa,Peshawar
2020-04-06,2,0,1,Local - Social Contact,Khyber Pakhtunkhwa,Swabi
2020-04-06,7,0,0,Local - Social Contact,Khyber Pakhtunkhwa,Swat
2020-04-06,3,0,0,Local - Social Contact,Federal Administration Tribal Area,North Waziristan
2020-04-07,1,1,0,Local - Social Contact,Islamabad Capital Territory,Islamabad
2020-04-07,0,0,0,Tableeghi Jamaat,Punjab,Raiwind
2020-04-07,54,1,16,Local - Social Contact,Sindh,Karachi
2020-04-07,11,0,27,Local - Social Contact,Sindh,Karachi
2020-04-07,12,0,3,Local - Social Contact,Baluchistan,Quetta
2020-04-07,0,0,28,Local - Social Contact,Gilgit-Baltistan,Skardu
2020-04-07,1,0,2,Local - Social Contact,Gilgit-Baltistan,Kharmang
2020-04-07,0,0,1,Iran/Taftan,Khyber Pakhtunkhwa,Peshawar
2020-04-07,7,1,4,Local - Social Contact,Khyber Pakhtunkhwa,Peshawar
2020-04-07,2,0,0,Local - Social Contact,Khyber Pakhtunkhwa,Abbottabad
2020-04-07,1,0,0,Local - Social Contact,Federal Administration Tribal Area,Bajaur
2020-04-07,1,0,0,Local - Social Contact,Khyber Pakhtunkhwa,Bannu
2020-04-07,2,0,0,Local - Social Contact,Khyber Pakhtunkhwa,Charsadda
2020-04-07,3,0,0,Local - Social Contact,Khyber Pakhtunkhwa,Dir Upper
2020-04-07,2,0,0,Local - Social Contact,Khyber Pakhtunkhwa,Karak
2020-04-07,1,0,0,Local - Social Contact,Federal Administration Tribal Area,Khyber
2020-04-07,0,0,1,Local - Social Contact,Federal Administration Tribal Area,Kurrum
2020-04-07,3,0,0,Local - Social Contact,Khyber Pakhtunkhwa,Orakzai
2020-04-07,2,0,0,Local - Social Contact,Khyber Pakhtunkhwa,Shangla
2020-04-07,1,0,0,Local - Social Contact,Khyber Pakhtunkhwa,Swat
2020-04-07,3,0,0,Local - Social Contact,Azad Jummu Kashmir,Muzaffarabad
2020-04-08,49,2,0,Local - Social Contact,Punjab,Lahore
2020-04-08,2,0,0,Local - Social Contact,Punjab,Multan
2020-04-08,3,0,0,Local - Social Contact,Punjab,Gujrat
2020-04-08,1,0,0,Local - Social Contact,Punjab,Jehlum
2020-04-08,15,0,0,Local - Social Contact,Punjab,Gujranwala
2020-04-08,8,0,0,Local - Social Contact,Punjab,Rawalpindi
2020-04-08,12,0,0,Local - Social Contact,Punjab,Faisalabad
2020-04-08,7,0,0,Local - Social Contact,Punjab,Chiniot
2020-04-08,1,0,0,Local - Social Contact,Punjab,Mandi Bahauddin
2020-04-08,7,0,0,Local - Social Contact,Punjab,Mianwali
2020-04-08,4,0,0,Local - Social Contact,Punjab,Narowal
2020-04-08,0,0,2,Local - Social Contact,Punjab,Rahim Yar Khan
2020-04-08,0,0,4,Local - Social Contact,Punjab,Sargodha
2020-04-08,17,0,0,Local - Social Contact,Punjab,Sialkot
2020-04-08,6,0,0,Local - Social Contact,Punjab,Bahawal Nagar
2020-04-08,13,0,0,Local - Social Contact,Punjab,Dera Ghazi Khan
2020-04-08,1,0,0,Local - Social Contact,Punjab,Hafizabad
2020-04-08,0,0,6,Local - Social Contact,Punjab,Vehari
2020-04-08,1,0,0,Local - Social Contact,Punjab,Okara
2020-04-08,1,0,0,Local - Social Contact,Punjab,Bahawalpur
2020-04-08,8,0,0,Local - Social Contact,Punjab,Kasur
2020-04-08,1,0,0,Local - Social Contact,Punjab,Lodhran
2020-04-08,2,0,0,Local - Social Contact,Punjab,Toba Tek Singh
2020-04-08,50,1,1,Local - Social Contact,Sindh,Karachi
2020-04-08,6,0,0,Local - Social Contact,Sindh,Larkana
2020-04-08,2,0,0,Local - Social Contact,Sindh,Jamshoro
2020-04-08,1,0,0,Local - Social Contact,Sindh,Badin
2020-04-08,7,0,0,Local - Social Contact,Sindh,Shaheed Benazirabad
2020-04-08,4,0,0,Local - Social Contact,Sindh,Naushero Feroz
2020-04-08,1,0,0,Local - Social Contact,Sindh,Shujawal
2020-04-08,1,0,0,Local - Social Contact,Sindh,Sanghar
2020-04-08,12,0,0,Local - Social Contact,Sindh,Tando M. Khan
2020-04-08,2,0,0,Local - Social Contact,Sindh,Ghotki
2020-04-08,42,1,0,Tableeghi Jamaat,Sindh,Hyderabad
2020-04-08,0,0,18,Iran/Taftan,Sindh,Sukkur
2020-04-08,8,1,10,Local - Social Contact,Baluchistan,Quetta
2020-04-08,1,0,20,Local - Social Contact,Gilgit-Baltistan,Nagar
2020-04-08,0,0,0,Local - Social Contact,Khyber Pakhtunkhwa,Peshawar
2020-04-08,0,1,0,Local - Social Contact,Khyber Pakhtunkhwa,Shangla
2020-04-08,2,1,0,Local - Social Contact,Khyber Pakhtunkhwa,Kohat
2020-04-08,12,0,1,Local - Social Contact,Khyber Pakhtunkhwa,Buner
2020-04-08,3,0,1,Local - Social Contact,Khyber Pakhtunkhwa,Charsadda
2020-04-08,2,0,0,Local - Social Contact,Khyber Pakhtunkhwa,Dir Upper
2020-04-08,2,0,0,Local - Social Contact,Federal Administration Tribal Area,Khyber
2020-04-08,4,0,0,Local - Social Contact,Federal Administration Tribal Area,Kurrum
2020-04-08,5,0,0,Local - Social Contact,Khyber Pakhtunkhwa,Nowshera
2020-04-08,1,0,0,Local - Social Contact,Khyber Pakhtunkhwa,Torghar
2020-04-08,0,0,48,Iran/Taftan,Khyber Pakhtunkhwa,Dera Ismail Khan
2020-04-08,0,0,1,Local - Social Contact,Khyber Pakhtunkhwa,Mansehra
2020-04-08,10,0,0,Local - Social Contact,Azad Jummu Kashmir,Muzaffarabad
2020-04-09,35,0,7,Local - Social Contact,Islamabad Capital Territory,Islamabad
2020-04-09,0,0,5,Iran/Taftan,Punjab,Dera Ghazi Khan
2020-04-09,213,1,0,Tableeghi Jamaat,Punjab,Raiwind
2020-04-09,18,0,0,Tableeghi Jamaat,Punjab,Faisalabad
2020-04-09,366,0,0,Tableeghi Jamaat,Punjab,Multan
2020-04-10,12,0,0,Jail,Punjab,Lahore
2020-04-09,0,0,18,Local - Social Contact,Sindh,Sukkur
2020-04-09,92,1,0,Unknown,Sindh,Karachi
2020-04-09,0,0,69,Iran/Taftan,Sindh,Sukkur
2020-04-09,7,0,0,Local - Social Contact,Baluchistan,Quetta
2020-04-09,2,0,0,Local - Social Contact,Gilgit-Baltistan,Kharmang
2020-04-09,3,0,0,Local - Social Contact,Khyber Pakhtunkhwa,Abbottabad
2020-04-09,6,0,0,Local - Social Contact,Khyber Pakhtunkhwa,Buner
2020-04-09,1,0,0,Local - Social Contact,Khyber Pakhtunkhwa,Charsadda
2020-04-09,10,0,0,Local - Social Contact,Khyber Pakhtunkhwa,Dir Upper
2020-04-09,4,0,0,Local - Social Contact,Khyber Pakhtunkhwa,Hangu
2020-04-09,1,0,0,Local - Social Contact,Khyber Pakhtunkhwa,Haripur
2020-04-09,6,1,0,Local - Social Contact,Khyber Pakhtunkhwa,Mardan
2020-04-09,1,0,0,Local - Social Contact,Khyber Pakhtunkhwa,Nowshera
2020-04-09,1,0,0,Local - Social Contact,Khyber Pakhtunkhwa,Orakzai
2020-04-09,15,1,0,Local - Social Contact,Khyber Pakhtunkhwa,Peshawar
2020-04-09,2,0,0,Local - Social Contact,Khyber Pakhtunkhwa,Shangla
2020-04-09,1,0,0,Local - Social Contact,Khyber Pakhtunkhwa,Swabi
2020-04-09,7,0,0,Local - Social Contact,Khyber Pakhtunkhwa,Swat
2020-04-09,1,0,0,Local - Social Contact,Federal Administration Tribal Area,North Waziristan
2020-04-09,5,0,0,Local - Social Contact,Azad Jummu Kashmir,Muzaffarabad
2020-04-09,23,0,0,Local - Social Contact,Punjab,Lahore
2020-04-09,1,0,0,Local - Social Contact,Punjab,Gujrat
2020-04-09,0,0,1,Local - Social Contact,Punjab,Jehlum
2020-04-09,0,0,1,Local - Social Contact,Punjab,Gujranwala
2020-04-09,1,0,0,Local - Social Contact,Punjab,Rawalpindi
2020-04-09,4,0,0,Local - Social Contact,Punjab,Chakwal
2020-04-09,6,0,0,Local - Social Contact,Punjab,Faisalabad
2020-04-09,0,0,7,Local - Social Contact,Punjab,Mandi Bahauddin
2020-04-09,0,0,1,Local - Social Contact,Punjab,Mianwali
2020-04-09,2,0,0,Local - Social Contact,Punjab,Narowal
2020-04-09,17,0,0,Local - Social Contact,Punjab,Rahim Yar Khan
2020-04-09,2,0,0,Local - Social Contact,Punjab,Sargodha
2020-04-09,1,0,0,Local - Social Contact,Punjab,Jhang
2020-04-09,8,0,0,Local - Social Contact,Punjab,Sialkot
2020-04-09,0,0,4,Local - Social Contact,Punjab,Bahawal Nagar
2020-04-09,6,0,0,Local - Social Contact,Punjab,Hafizabad
2020-04-09,2,0,0,Local - Social Contact,Punjab,Khushab
2020-04-09,2,0,0,Local - Social Contact,Punjab,Bahawalpur
2020-04-09,8,0,0,Local - Social Contact,Punjab,NSB
2020-04-09,2,0,0,Local - Social Contact,Punjab,Sheikhupura
2020-04-10,85,1,9,Local - Social Contact,Sindh,Karachi
2020-04-10,1,0,0,Local - Social Contact,Sindh,Shaheed Benazirabad
2020-04-10,1,0,13,Local - Social Contact,Baluchistan,Quetta
2020-04-10,0,0,14,Local - Social Contact,Gilgit-Baltistan,Nagar
2020-04-10,0,0,0,Local - Social Contact,Khyber Pakhtunkhwa,Peshawar
2020-04-10,3,0,0,Local - Social Contact,Khyber Pakhtunkhwa,Abbottabad
2020-04-10,3,0,3,Local - Social Contact,Federal Administration Tribal Area,Bajaur
2020-04-10,5,0,0,Local - Social Contact,Khyber Pakhtunkhwa,Bannu
2020-04-10,4,0,1,Local - Social Contact,Khyber Pakhtunkhwa,Buner
2020-04-10,3,0,0,Local - Social Contact,Khyber Pakhtunkhwa,Charsadda
2020-04-10,0,1,0,Tableegi Jamaat,Khyber Pakhtunkhwa,Dir Lower
2020-04-10,1,0,0,Local - Social Contact,Khyber Pakhtunkhwa,Dir Upper
2020-04-10,1,0,1,Local - Social Contact,Khyber Pakhtunkhwa,Hangu
2020-04-10,1,0,0,Local - Social Contact,Khyber Pakhtunkhwa,Haripur
2020-04-10,0,0,1,Local - Social Contact,Khyber Pakhtunkhwa,Karak
2020-04-10,2,0,1,Local - Social Contact,Khyber Pakhtunkhwa,Kohat
2020-04-10,2,1,0,Local - Social Contact,Khyber Pakhtunkhwa,Malakand
2020-04-10,1,0,0,Local - Social Contact,Khyber Pakhtunkhwa,Nowshera
2020-04-10,8,0,0,Local - Social Contact,Khyber Pakhtunkhwa,Peshawar
2020-04-10,3,0,0,Local - Social Contact,Khyber Pakhtunkhwa,Swabi
2020-04-10,2,1,2,Tableegi Jamaat,Khyber Pakhtunkhwa,Swat
2020-04-10,0,0,1,Local - Social Contact,Khyber Pakhtunkhwa,Tank
2020-04-10,0,0,2,Iran/Taftan,Khyber Pakhtunkhwa,Dera Ismail Khan
2020-04-10,0,0,0,Local - Social Contact,Azad Jummu Kashmir,Muzaffarabad
2020-04-10,10,0,0,Local - Social Contact,Punjab,Lahore
2020-04-10,1,0,0,Local - Social Contact,Punjab,Faisalabad
2020-04-10,0,0,5,Local - Social Contact,Punjab,Nankana
2020-04-10,7,0,0,Local - Social Contact,Punjab,Sheikhupura
2020-04-11,1,0,10,Local - Social Contact,Gilgit-Baltistan,Gilgit
2020-04-11,0,0,11,Local - Social Contact,Gilgit-Baltistan,Nagar
2020-04-11,1,0,0,Local - Social Contact,Azad Jummu Kashmir,Muzaffarabad
2020-04-11,8,0,6,Local - Social Contact,Baluchistan,Quetta
2020-04-11,5,4,1,Local - Social Contact,Khyber Pakhtunkhwa,Peshawar
2020-04-11,5,1,0,Local - Social Contact,Khyber Pakhtunkhwa,Kohat
2020-04-11,3,1,0,Local - Social Contact,Khyber Pakhtunkhwa,Nowshera
2020-04-11,1,0,4,Local - Social Contact,Khyber Pakhtunkhwa,Abbottabad
2020-04-11,5,0,0,Local - Social Contact,Khyber Pakhtunkhwa,Buner
2020-04-11,3,0,0,Local - Social Contact,Khyber Pakhtunkhwa,Dir Lower
2020-04-11,6,0,0,Local - Social Contact,Khyber Pakhtunkhwa,Dir Upper
2020-04-11,6,0,0,Local - Social Contact,Khyber Pakhtunkhwa,Mansehra
2020-04-11,5,0,0,Local - Social Contact,Khyber Pakhtunkhwa,Mardan
2020-04-11,4,0,0,Local - Social Contact,Khyber Pakhtunkhwa,Shangla
2020-04-11,2,0,2,Local - Social Contact,Khyber Pakhtunkhwa,Swat
2020-04-11,0,0,1,Local - Social Contact,Khyber Pakhtunkhwa,Dera Ismail Khan
2020-04-11,84,6,0,Local - Social Contact,Sindh,Karachi
2020-04-11,3,0,0,Local - Social Contact,Sindh,Larkana
2020-04-11,17,0,0,Local - Social Contact,Sindh,Hyderabad
2020-04-11,29,3,0,Local - Social Contact,Punjab,Lahore
2020-04-11,1,0,0,Tableeghi Jamaat,Punjab,Dera Ghazi Khan
2020-04-11,30,0,0,Local - Social Contact,Punjab,Gujrat
2020-04-11,7,0,0,Tableeghi Jamaat,Punjab,Raiwind
2020-04-11,5,0,0,Local - Social Contact,Punjab,Rawalpindi
2020-04-11,3,0,0,Local - Social Contact,Punjab,Nankana
2020-04-11,16,0,0,Local - Social Contact,Punjab,Laiya
2020-04-11,0,0,2,Local - Social Contact,Punjab,Jehlum
2020-04-11,47,0,0,Unknown,Punjab,Bhakhar
2020-04-12,1,0,3,Local - Social Contact,Islamabad Capital Territory,Islamabad
2020-04-12,79,2,18,Unknown,Sindh,Karachi
2020-04-12,14,0,0,Unknown,Sindh,Khairpur
2020-04-12,9,1,0,Local - Social Contact,Khyber Pakhtunkhwa,Peshawar
2020-04-12,2,1,0,Local - Social Contact,Khyber Pakhtunkhwa,Mardan
2020-04-12,0,1,0,Local - Social Contact,Khyber Pakhtunkhwa,Swabi
2020-04-12,6,0,0,Local - Social Contact,Khyber Pakhtunkhwa,Buner
2020-04-12,1,0,0,Local - Social Contact,Khyber Pakhtunkhwa,Dir Upper
2020-04-12,1,0,0,Local - Social Contact,Khyber Pakhtunkhwa,Hangu
2020-04-12,4,0,0,Local - Social Contact,Khyber Pakhtunkhwa,Karak
2020-04-12,4,0,0,Local - Social Contact,Khyber Pakhtunkhwa,Kohat
2020-04-12,2,0,0,Local - Social Contact,Federal Administration Tribal Area,Kurrum
2020-04-12,3,0,0,Local - Social Contact,Khyber Pakhtunkhwa,Malakand
2020-04-12,10,0,0,Local - Social Contact,Khyber Pakhtunkhwa,Mansehra
2020-04-12,2,0,0,Local - Social Contact,Khyber Pakhtunkhwa,Nowshera
2020-04-12,2,0,1,Local - Social Contact,Khyber Pakhtunkhwa,Swat
2020-04-12,1,0,0,Local - Social Contact,Federal Administration Tribal Area,South Waziristan
2020-04-12,0,0,2,Local - Social Contact,Federal Administration Tribal Area,North Waziristan
2020-04-12,8,0,0,Local - Social Contact,Baluchistan,Quetta
2020-04-12,6,0,1,Local - Social Contact,Azad Jummu Kashmir,Muzaffarabad
2020-04-12,32,2,25,Local - Social Contact,Punjab,Lahore
2020-04-12,19,0,0,Local - Social Contact,Punjab,Multan
2020-04-12,0,0,175,Local - Social Contact,Punjab,Dera Ghazi Khan
2020-04-12,6,0,0,Local - Social Contact,Punjab,Gujrat
2020-04-12,2,0,0,Local - Social Contact,Punjab,Rawalpindi
2020-04-12,3,0,0,Local - Social Contact,Punjab,Faisalabad
2020-04-12,19,0,0,Local - Social Contact,Punjab,Rahim Yar Khan
2020-04-12,6,0,0,Local - Social Contact,Punjab,Vehari
2020-04-12,1,0,0,Local - Social Contact,Punjab,Khushab
2020-04-12,1,0,0,Local - Social Contact,Punjab,Bahawalpur
2020-04-13,12,0,0,Local - Social Contact,Islamabad Capital Territory,Islamabad
2020-04-12,9,0,0,Jail,Punjab,Lahore
2020-04-13,0,1,0,Unknown,Punjab,Lahore
2020-04-13,0,0,233,Tableeghi Jamaat,Punjab,Dera Ghazi Khan
2020-04-13,60,0,0,Local - Social Contact,Punjab,Multan
2020-04-13,39,1,30,Unknown,Sindh,Karachi
2020-04-13,1,0,0,Local - Social Contact,Sindh,Sujawal
2020-04-13,1,0,0,Local - Social Contact,Sindh,Sanghar
2020-04-13,0,1,0,Local - Social Contact,Khyber Pakhtunkhwa,Peshawar
2020-04-13,1,1,1,Local - Social Contact,Khyber Pakhtunkhwa,Abbottabad
2020-04-13,5,0,0,Local - Social Contact,Khyber Pakhtunkhwa,Charsadda
2020-04-13,3,0,2,Local - Social Contact,Khyber Pakhtunkhwa,Kohat
2020-04-13,9,0,0,Local - Social Contact,Federal Administration Tribal Area,Kurrum
2020-04-13,2,0,0,Local - Social Contact,Khyber Pakhtunkhwa,Malakand
2020-04-13,1,0,0,Local - Social Contact,Federal Administration Tribal Area,Mohmand
2020-04-13,1,0,0,Local - Social Contact,Khyber Pakhtunkhwa,Nowshera
2020-04-13,31,0,0,Local - Social Contact,Khyber Pakhtunkhwa,Peshawar
2020-04-13,3,0,0,Local - Social Contact,Khyber Pakhtunkhwa,Swat
2020-04-13,0,0,1,Local - Social Contact,Khyber Pakhtunkhwa,Swabi
2020-04-13,0,0,0,Local - Social Contact,Khyber Pakhtunkhwa,Lakki Marwat
2020-04-13,0,0,2,Local - Social Contact,Khyber Pakhtunkhwa,Dir Lower
2020-04-13,0,0,1,Local - Social Contact,Federal Administration Tribal Area,Bajaur
2020-04-13,0,0,1,Local - Social Contact,Khyber Pakhtunkhwa,Bannu
2020-04-13,3,0,0,Local - Social Contact,Azad Jummu Kashmir,Muzaffarabad
2020-04-13,1,0,0,Local - Social Contact,Baluchistan,Quetta
2020-04-14,10,0,6,Local - Social Contact,Gilgit-Baltistan,Shigar
2020-04-14,0,0,5,Local - Social Contact,Gilgit-Baltistan,Kharmang
2020-04-14,0,0,11,Local - Social Contact,Gilgit-Baltistan,Skardu
2020-04-14,0,0,2,Local - Social Contact,Gilgit-Baltistan,Ghanche
2020-04-14,17,0,0,Local - Social Contact,Baluchistan,Quetta
2020-04-14,66,3,0,Local - Social Contact,Sindh,Karachi
2020-04-14,0,1,3,Local - Social Contact,Sindh,Hyderabad
2020-04-14,0,0,1,Iran/Taftan,Sindh,Sukkur
2020-04-14,22,3,0,Unknown,Khyber Pakhtunkhwa,Peshawar
2020-04-14,4,0,0,Unknown,Khyber Pakhtunkhwa,Dera Ismail Khan
2020-04-14,5,0,0,Local - Social Contact,Khyber Pakhtunkhwa,Bannu
2020-04-14,7,0,1,Local - Social Contact,Khyber Pakhtunkhwa,Buner
2020-04-14,4,0,2,Local - Social Contact,Khyber Pakhtunkhwa,Charsadda
2020-04-14,11,0,7,Local - Social Contact,Khyber Pakhtunkhwa,Dir Upper
2020-04-14,3,0,0,Local - Social Contact,Khyber Pakhtunkhwa,Hangu
2020-04-14,1,0,0,Local - Social Contact,Federal Administration Tribal Area,Khyber
2020-04-14,1,0,5,Local - Social Contact,Khyber Pakhtunkhwa,Kohat
2020-04-14,4,0,0,Local - Social Contact,Khyber Pakhtunkhwa,Nowshera
2020-04-14,2,0,0,Local - Social Contact,Khyber Pakhtunkhwa,Shangla
2020-04-14,1,0,0,Local - Social Contact,Federal Administration Tribal Area,North Waziristan
2020-04-14,0,0,3,Local - Social Contact,Khyber Pakhtunkhwa,Abbottabad
2020-04-14,0,0,3,Local - Social Contact,Khyber Pakhtunkhwa,Swat
2020-04-14,0,0,4,Local - Social Contact,Khyber Pakhtunkhwa,Dir Lower
2020-04-14,0,0,3,Local - Social Contact,Khyber Pakhtunkhwa,Haripur
2020-04-14,35,4,0,Unknown,Punjab,Lahore
2020-04-14,45,0,0,Local - Social Contact,Punjab,Multan
2020-04-14,13,0,0,Local - Social Contact,Punjab,Gujrat
2020-04-14,44,0,0,Local - Social Contact,Punjab,Jehlum
2020-04-14,2,0,0,Local - Social Contact,Punjab,Gujranwala
2020-04-14,22,0,0,Local - Social Contact,Punjab,Rawalpindi
2020-04-14,7,0,0,Local - Social Contact,Punjab,Faisalabad
2020-04-14,11,0,0,Local - Social Contact,Punjab,Mandi Bahauddin
2020-04-14,8,0,0,Local - Social Contact,Punjab,Mianwali
2020-04-14,15,0,0,Local - Social Contact,Punjab,Narowal
2020-04-14,5,0,0,Local - Social Contact,Punjab,Rahim Yar Khan
2020-04-14,36,0,0,Local - Social Contact,Punjab,Sargodha
2020-04-14,7,0,0,Local - Social Contact,Punjab,Sahewal
2020-04-14,9,0,0,Local - Social Contact,Punjab,Rajanpur
2020-04-14,22,0,0,Local - Social Contact,Punjab,Sialkot
2020-04-14,5,0,0,Local - Social Contact,Punjab,Bahawal Nagar
2020-04-14,35,0,0,Local - Social Contact,Punjab,Hafizabad
2020-04-14,52,0,0,Local - Social Contact,Punjab,Muzaffargar
2020-04-14,2,0,0,Local - Social Contact,Punjab,Nankana
2020-04-14,47,0,0,Local - Social Contact,Punjab,Vehari
2020-04-14,2,0,0,Local - Social Contact,Punjab,Khushab
2020-04-14,11,0,0,Local - Social Contact,Punjab,Laiya
2020-04-14,2,0,0,Local - Social Contact,Punjab,Khanewal
2020-04-14,8,0,0,Local - Social Contact,Punjab,Sheikhupura
2020-04-14,1,0,0,Local - Social Contact,Punjab,Pakpatan
2020-04-14,14,0,0,Local - Social Contact,Punjab,Bhakhar
2020-04-14,10,0,0,Tableeghi Jamaat,Punjab,Raiwind
2020-04-15,9,0,0,Local - Social Contact,Islamabad Capital Territory,Islamabad
2020-04-15,3,0,0,Unknown,Azad Jummu Kashmir,Muzaffarabad
2020-04-15,0,0,19,Local - Social Contact,Gilgit-Baltistan,Skardu
2020-04-15,3,0,0,Local - Social Contact,Gilgit-Baltistan,Diamer
2020-04-15,2,0,0,Local - Social Contact,Gilgit-Baltistan,Nagar
2020-04-15,6,0,2,Local - Social Contact,Gilgit-Baltistan,Astore
2020-04-15,0,0,1,Local - Social Contact,Gilgit-Baltistan,Nagar
2020-04-15,33,1,13,Unknown,Baluchistan,Quetta
2020-04-15,1,0,0,Local - Social Contact,Sindh,Larkana
2020-04-15,7,0,0,Local - Social Contact,Sindh,Naushero Feroz
2020-04-15,28,0,0,Local - Social Contact,Sindh,Shaheed Benazirabad
2020-04-15,20,0,104,Tableeghi Jamaat,Sindh,Hyderabad
2020-04-15,94,5,27,Local - Social Contact,Sindh,Karachi
2020-04-15,0,1,0,Iran/Taftan,Sindh,Sukkur
2020-04-15,38,4,0,Local - Social Contact,Khyber Pakhtunkhwa,Peshawar
2020-04-15,0,0,3,Iran/Taftan,Khyber Pakhtunkhwa,Peshawar
2020-04-15,1,0,0,Local - Social Contact,Khyber Pakhtunkhwa,Buner
2020-04-15,7,0,0,Local - Social Contact,Khyber Pakhtunkhwa,Dera Ismail Khan
2020-04-15,1,0,1,Local - Social Contact,Khyber Pakhtunkhwa,Kohat
2020-04-15,2,0,0,Local - Social Contact,Khyber Pakhtunkhwa,Orakzai
2020-04-15,1,0,3,Local - Social Contact,Khyber Pakhtunkhwa,Swat
2020-04-15,0,0,1,Local - Social Contact,Khyber Pakhtunkhwa,Mardan
2020-04-15,0,0,2,Local - Social Contact,Khyber Pakhtunkhwa,Mansehra
2020-04-15,0,0,1,Local - Social Contact,Federal Administration Tribal Area,Khyber
2020-04-15,0,0,2,Local - Social Contact,Khyber Pakhtunkhwa,Dir Upper
2020-04-15,0,0,1,Local - Social Contact,Khyber Pakhtunkhwa,Abbottabad
2020-04-15,20,0,0,Local - Social Contact,Punjab,Rawalpindi
2020-04-15,10,0,0,Local - Social Contact,Punjab,Gujranwala
2020-04-15,0,0,28,Local - Social Contact,Punjab,Lahore
2020-04-15,0,0,1,Local - Social Contact,Punjab,Chakwal
2020-04-15,24,0,0,Local - Social Contact,Punjab,Lahore
2020-04-15,3,0,0,Local - Social Contact,Punjab,Mandi Bahauddin
2020-04-15,1,0,0,Local - Social Contact,Punjab,Jhang
2020-04-15,7,0,0,Local - Social Contact,Punjab,Narowal
2020-04-16,21,0,0,Local - Social Contact,Punjab,Rawalpindi
2020-04-16,10,0,0,Local - Social Contact,Punjab,Gujranwala
2020-04-16,9,0,0,Local - Social Contact,Punjab,Multan
2020-04-16,4,0,0,Local - Social Contact,Punjab,Gujrat
2020-04-16,24,2,59,Local - Social Contact,Baluchistan,Quetta
2020-04-16,5,0,0,Local - Social Contact,Islamabad Capital Territory,Islamabad
2020-04-16,22,2,1,Local - Social Contact,Khyber Pakhtunkhwa,Peshawar
2020-04-16,1,1,4,Local - Social Contact,Khyber Pakhtunkhwa,Nowshera
2020-04-16,7,0,0,Local - Social Contact,Khyber Pakhtunkhwa,Buner
2020-04-16,2,0,0,Local - Social Contact,Khyber Pakhtunkhwa,Dir Lower
2020-04-16,3,0,0,Local - Social Contact,Khyber Pakhtunkhwa,Dir Upper
2020-04-16,1,0,0,Local - Social Contact,Khyber Pakhtunkhwa,Haripur
2020-04-16,2,0,3,Local - Social Contact,Khyber Pakhtunkhwa,Kohat
2020-04-16,2,0,0,Local - Social Contact,Federal Administration Tribal Area,Kurrum
2020-04-16,4,0,0,Local - Social Contact,Khyber Pakhtunkhwa,Malakand
2020-04-16,5,0,0,Local - Social Contact,Khyber Pakhtunkhwa,Mansehra
2020-04-16,1,0,0,Local - Social Contact,Khyber Pakhtunkhwa,Mardan
2020-04-16,1,0,0,Local - Social Contact,Khyber Pakhtunkhwa,Shangla
2020-04-16,7,0,0,Local - Social Contact,Khyber Pakhtunkhwa,Swat
2020-04-16,0,0,1,Local - Social Contact,Federal Administration Tribal Area,Bajaur
2020-04-16,0,0,2,Local - Social Contact,Khyber Pakhtunkhwa,Bannu
2020-04-16,0,0,3,Local - Social Contact,Khyber Pakhtunkhwa,Lakki Marwat
2020-04-16,8,0,6,Unknown,Gilgit-Baltistan,Gilgit
2020-04-16,0,7,112,Unknown,Punjab,Lahore
2020-04-16,24,0,0,Local - Social Contact,Punjab,Lahore
2020-04-16,8,0,0,Local - Social Contact,Punjab,Faisalabad
2020-04-16,1,0,0,Local - Social Contact,Punjab,Dera Ghazi Khan
2020-04-16,21,0,0,Local - Social Contact,Punjab,Rahim Yar Khan
2020-04-16,86,0,0,Unknown,Punjab,Sargodha
2020-04-16,3,0,0,Local - Social Contact,Punjab,Sialkot
2020-04-16,3,0,0,Local - Social Contact,Punjab,Bahawal Nagar
2020-04-16,48,0,0,Unknown,Punjab,Bahawalpur
2020-04-16,4,0,0,Local - Social Contact,Punjab,Sheikhupura
2020-04-16,1,0,0,Local - Social Contact,Punjab,Bhakhar
2020-04-16,10,0,0,Tableeghi Jamaat,Punjab,Multan
2020-04-16,21,0,0,Local - Social Contact,Punjab,Khushab
2020-04-16,70,4,16,Local - Social Contact,Sindh,Karachi
2020-04-16,1,0,0,Local - Social Contact,Sindh,Hyderabad
2020-04-16,10,0,0,Local - Social Contact,Sindh,Dadu
2020-04-16,3,0,0,Local - Social Contact,Sindh,Shikarpur
2020-04-16,73,0,0,Unknown,Sindh,Khairpur
2020-04-16,52,0,0,Unknown,Sindh,Sukkur
2020-04-16,96,0,0,Unknown,Sindh,Ghotki
2020-04-16,4,0,0,Local - Social Contact,Sindh,Tando Alahyar
2020-04-16,1,0,0,Local - Social Contact,Sindh,Tando M. Khan
2020-04-16,12,0,0,Local - Social Contact,Sindh,Sanghar
2020-04-16,5,0,0,Local - Social Contact,Sindh,Sujawal
2020-04-16,3,0,0,Local - Social Contact,Sindh,Naushero Feroz
2020-04-16,2,0,0,Local - Social Contact,Sindh,Badin
2020-04-16,2,0,0,Local - Social Contact,Sindh,Jamshoro
2020-04-16,53,0,0,Unknown,Sindh,Shaheed Benazirabad
2020-04-17,9,0,0,Local - Social Contact,Islamabad Capital Territory,Islamabad
2020-04-17,123,2,3,Unknown,Sindh,Karachi
2020-04-17,0,0,2,Local - Social Contact,Sindh,Larkana
2020-04-17,1,0,0,Local - Social Contact,Sindh,Badin
2020-04-17,1,0,0,Local - Social Contact,Sindh,Naushero Feroz
2020-04-17,2,0,0,Local - Social Contact,Sindh,Sujawal
2020-04-17,1,0,0,Local - Social Contact,Sindh,Sanghar
2020-04-17,6,0,0,Local - Social Contact,Sindh,Tando M. Khan
2020-04-17,28,0,0,Unknown,Sindh,Ghotki
2020-04-17,73,0,0,Unknown,Sindh,Khairpur
2020-04-17,1,0,0,Local - Social Contact,Sindh,Umerkot
2020-04-17,2,0,0,Local - Social Contact,Azad Jummu Kashmir,Muzaffarabad
2020-04-17,5,0,9,Local - Social Contact,Gilgit-Baltistan,Gilgit
2020-04-17,6,0,0,Unknown,Baluchistan,Quetta
2020-04-17,41,0,0,Local - Social Contact,Baluchistan,Quetta
2020-04-17,24,2,0,Local - Social Contact,Punjab,Lahore
2020-04-17,20,0,0,Local - Social Contact,Punjab,Rawalpindi
2020-04-17,10,0,0,Local - Social Contact,Punjab,Gujranwala
2020-04-17,9,0,0,Local - Social Contact,Punjab,Multan
2020-04-17,4,0,0,Local - Social Contact,Punjab,Gujrat
2020-04-17,8,0,0,Local - Social Contact,Punjab,Faisalabad
2020-04-17,20,0,0,Local - Social Contact,Punjab,Rahim Yar Khan
2020-04-17,3,0,0,Local - Social Contact,Punjab,Sialkot
2020-04-17,4,0,0,Local - Social Contact,Punjab,Bahawal Nagar
2020-04-17,95,0,0,Tableeghi Jamaat,Punjab,Multan
2020-04-17,9,0,0,Local - Social Contact,Punjab,Muzaffargar
2020-04-17,2,0,0,Local - Social Contact,Punjab,Nankana
2020-04-17,1,0,0,Local - Social Contact,Punjab,Kasur
2020-04-17,4,0,0,Local - Social Contact,Punjab,Laiya
2020-04-18,9,1,2,Local - Social Contact,Islamabad Capital Territory,Islamabad
2020-04-18,138,1,11,Unknown,Sindh,Karachi
2020-04-18,0,0,273,Iran/Taftan,Sindh,Sukkur
2020-04-18,84,5,0,Unknown,Khyber Pakhtunkhwa,Peshawar
2020-04-18,7,0,1,Local - Social Contact,Gilgit-Baltistan,Gilgit
2020-04-18,8,0,0,Local - Social Contact,Baluchistan,Quetta
2020-04-18,2,0,25,India,Punjab,Lahore
2020-04-18,5,4,0,Local - Social Contact,Punjab,Lahore
2020-04-18,2,0,0,Local - Social Contact,Punjab,Dera Ghazi Khan
2020-04-18,7,0,0,Local - Social Contact,Punjab,Gujrat
2020-04-18,1,0,0,Local - Social Contact,Punjab,Rawalpindi
2020-04-18,1,0,0,Local - Social Contact,Punjab,Chakwal
2020-04-18,1,0,0,Local - Social Contact,Punjab,Attock
2020-04-19,8,0,0,Local - Social Contact,Islamabad Capital Territory,Islamabad
2020-04-19,0,0,29,Tableeghi Jamaat,Punjab,Lahore
2020-04-19,182,8,0,Unknown,Sindh,Karachi
2020-04-19,1,0,0,Local - Social Contact,Azad Jummu Kashmir,Muzaffarabad
2020-04-19,6,0,1,Local - Social Contact,Gilgit-Baltistan,Gilgit
2020-04-19,60,10,0,Local - Social Contact,Khyber Pakhtunkhwa,Peshawar
2020-04-19,56,0,0,Local - Social Contact,Baluchistan,Quetta
2020-04-19,3,0,0,Jail,Punjab,Lahore
2020-04-19,36,0,0,Local - Social Contact,Punjab,Lahore
2020-04-19,3,0,0,Local - Social Contact,Punjab,Multan
2020-04-19,0,0,4,Local - Social Contact,Punjab,Gujrat
2020-04-19,15,0,0,Local - Social Contact,Punjab,Gujranwala
2020-04-19,32,0,0,Local - Social Contact,Punjab,Rawalpindi
2020-04-19,1,0,0,Local - Social Contact,Punjab,Narowal
2020-04-19,2,0,0,Local - Social Contact,Punjab,Rahim Yar Khan
2020-04-19,29,0,0,Local - Social Contact,Punjab,Sargodha
2020-04-19,13,0,0,Local - Social Contact,Punjab,Attock
2020-04-19,1,0,0,Local - Social Contact,Punjab,Sahewal
2020-04-19,23,0,0,Local - Social Contact,Punjab,Sialkot
2020-04-19,0,0,1,Local - Social Contact,Punjab,Hafizabad
2020-04-19,7,0,0,Local - Social Contact,Punjab,Nankana
2020-04-19,0,0,4,Local - Social Contact,Punjab,Bahawalpur
2020-04-19,76,0,0,Local - Social Contact,Punjab,Lodhran
2020-04-19,5,0,0,Local - Social Contact,Punjab,Khanewal
2020-04-19,5,0,0,Local - Social Contact,Punjab,Toba Tek Singh
2020-04-19,3,0,0,Local - Social Contact,Punjab,Sheikhupura
2020-04-19,1,0,0,Local - Social Contact,Punjab,Bhakhar
